"x","y","s","event","displayName","jerseyNumber","position","team","frameId","gameId","playId","playDirection","framesaftersnap","jaccardradius"
68.84,27.12,0.01,"ball_snap","Linval Joseph",95,"NT","home",11,2020110808,2859,"left",0,1.01
68.83,27.11,0.1,"None","Linval Joseph",95,"NT","home",12,2020110808,2859,"left",1,1.1
68.8,27.1,0.3,"None","Linval Joseph",95,"NT","home",13,2020110808,2859,"left",2,1.3
68.76,27.08,0.63,"None","Linval Joseph",95,"NT","home",14,2020110808,2859,"left",3,1.63
68.67,27.05,1.06,"None","Linval Joseph",95,"NT","home",15,2020110808,2859,"left",4,2.06
68.54,27.01,1.56,"None","Linval Joseph",95,"NT","home",16,2020110808,2859,"left",5,2.56
68.35,26.96,2.1,"None","Linval Joseph",95,"NT","home",17,2020110808,2859,"left",6,3.1
68.11,26.9,2.57,"None","Linval Joseph",95,"NT","home",18,2020110808,2859,"left",7,3.57
67.84,26.84,2.94,"None","Linval Joseph",95,"NT","home",19,2020110808,2859,"left",8,3.94
67.52,26.78,3.28,"None","Linval Joseph",95,"NT","home",20,2020110808,2859,"left",9,4.28
67.19,26.72,3.53,"None","Linval Joseph",95,"NT","home",21,2020110808,2859,"left",10,4.53
66.83,26.7,3.7,"None","Linval Joseph",95,"NT","home",22,2020110808,2859,"left",11,4.7
66.45,26.69,3.86,"None","Linval Joseph",95,"NT","home",23,2020110808,2859,"left",12,4.86
66.06,26.68,3.91,"None","Linval Joseph",95,"NT","home",24,2020110808,2859,"left",13,4.91
65.67,26.68,3.87,"None","Linval Joseph",95,"NT","home",25,2020110808,2859,"left",14,4.87
65.29,26.69,3.85,"None","Linval Joseph",95,"NT","home",26,2020110808,2859,"left",15,4.85
64.9,26.7,3.83,"None","Linval Joseph",95,"NT","home",27,2020110808,2859,"left",16,4.83
64.52,26.73,3.79,"None","Linval Joseph",95,"NT","home",28,2020110808,2859,"left",17,4.79
64.15,26.75,3.69,"None","Linval Joseph",95,"NT","home",29,2020110808,2859,"left",18,4.69
63.78,26.78,3.66,"None","Linval Joseph",95,"NT","home",30,2020110808,2859,"left",19,4.66
63.41,26.79,3.56,"None","Linval Joseph",95,"NT","home",31,2020110808,2859,"left",20,4.56
63.06,26.8,3.44,"None","Linval Joseph",95,"NT","home",32,2020110808,2859,"left",21,4.44
62.73,26.8,3.31,"None","Linval Joseph",95,"NT","home",33,2020110808,2859,"left",22,4.31
62.4,26.81,3.15,"punt","Linval Joseph",95,"NT","home",34,2020110808,2859,"left",23,4.15
62.1,26.81,2.92,"None","Linval Joseph",95,"NT","home",35,2020110808,2859,"left",24,3.92
61.82,26.81,2.64,"None","Linval Joseph",95,"NT","home",36,2020110808,2859,"left",25,3.64
67.09,27.24,0,"ball_snap","Kyle Wilber",58,"OLB","away",11,2020110808,2859,"left",0,1
67.08,27.24,0,"None","Kyle Wilber",58,"OLB","away",12,2020110808,2859,"left",1,1
67.08,27.24,0,"None","Kyle Wilber",58,"OLB","away",13,2020110808,2859,"left",2,1
67.07,27.24,0,"None","Kyle Wilber",58,"OLB","away",14,2020110808,2859,"left",3,1
67.07,27.24,0.04,"None","Kyle Wilber",58,"OLB","away",15,2020110808,2859,"left",4,1.04
67.05,27.23,0.27,"None","Kyle Wilber",58,"OLB","away",16,2020110808,2859,"left",5,1.27
66.99,27.22,0.74,"None","Kyle Wilber",58,"OLB","away",17,2020110808,2859,"left",6,1.74
66.89,27.2,1.18,"None","Kyle Wilber",58,"OLB","away",18,2020110808,2859,"left",7,2.18
66.75,27.17,1.63,"None","Kyle Wilber",58,"OLB","away",19,2020110808,2859,"left",8,2.63
66.56,27.13,2.06,"None","Kyle Wilber",58,"OLB","away",20,2020110808,2859,"left",9,3.06
66.32,27.09,2.61,"None","Kyle Wilber",58,"OLB","away",21,2020110808,2859,"left",10,3.61
66.03,27.05,3.09,"None","Kyle Wilber",58,"OLB","away",22,2020110808,2859,"left",11,4.09
65.7,27.01,3.46,"None","Kyle Wilber",58,"OLB","away",23,2020110808,2859,"left",12,4.46
65.35,26.97,3.72,"None","Kyle Wilber",58,"OLB","away",24,2020110808,2859,"left",13,4.72
64.97,26.94,3.9,"None","Kyle Wilber",58,"OLB","away",25,2020110808,2859,"left",14,4.9
64.57,26.92,3.98,"None","Kyle Wilber",58,"OLB","away",26,2020110808,2859,"left",15,4.98
64.18,26.91,3.99,"None","Kyle Wilber",58,"OLB","away",27,2020110808,2859,"left",16,4.99
63.78,26.9,3.98,"None","Kyle Wilber",58,"OLB","away",28,2020110808,2859,"left",17,4.98
63.39,26.91,3.84,"None","Kyle Wilber",58,"OLB","away",29,2020110808,2859,"left",18,4.84
63.02,26.91,3.72,"None","Kyle Wilber",58,"OLB","away",30,2020110808,2859,"left",19,4.72
62.65,26.92,3.56,"None","Kyle Wilber",58,"OLB","away",31,2020110808,2859,"left",20,4.56
62.3,26.92,3.45,"None","Kyle Wilber",58,"OLB","away",32,2020110808,2859,"left",21,4.45
61.96,26.91,3.29,"None","Kyle Wilber",58,"OLB","away",33,2020110808,2859,"left",22,4.29
61.64,26.9,3.15,"punt","Kyle Wilber",58,"OLB","away",34,2020110808,2859,"left",23,4.15
61.34,26.88,2.92,"None","Kyle Wilber",58,"OLB","away",35,2020110808,2859,"left",24,3.92
61.08,26.85,2.65,"None","Kyle Wilber",58,"OLB","away",36,2020110808,2859,"left",25,3.65
65.07,25.62,0,"ball_snap","Derek Carrier",85,"TE","away",11,2020110808,2859,"left",0,1
65.07,25.62,0,"None","Derek Carrier",85,"TE","away",12,2020110808,2859,"left",1,1
65.07,25.62,0,"None","Derek Carrier",85,"TE","away",13,2020110808,2859,"left",2,1
65.06,25.62,0,"None","Derek Carrier",85,"TE","away",14,2020110808,2859,"left",3,1
65.06,25.62,0.01,"None","Derek Carrier",85,"TE","away",15,2020110808,2859,"left",4,1.01
65.05,25.62,0.07,"None","Derek Carrier",85,"TE","away",16,2020110808,2859,"left",5,1.07
65.03,25.61,0.25,"None","Derek Carrier",85,"TE","away",17,2020110808,2859,"left",6,1.25
65,25.6,0.46,"None","Derek Carrier",85,"TE","away",18,2020110808,2859,"left",7,1.46
64.93,25.58,0.73,"None","Derek Carrier",85,"TE","away",19,2020110808,2859,"left",8,1.73
64.85,25.56,0.97,"None","Derek Carrier",85,"TE","away",20,2020110808,2859,"left",9,1.97
64.73,25.52,1.22,"None","Derek Carrier",85,"TE","away",21,2020110808,2859,"left",10,2.22
64.61,25.48,1.42,"None","Derek Carrier",85,"TE","away",22,2020110808,2859,"left",11,2.42
64.46,25.43,1.59,"None","Derek Carrier",85,"TE","away",23,2020110808,2859,"left",12,2.59
64.31,25.37,1.72,"None","Derek Carrier",85,"TE","away",24,2020110808,2859,"left",13,2.72
64.14,25.31,1.82,"None","Derek Carrier",85,"TE","away",25,2020110808,2859,"left",14,2.82
63.97,25.24,1.87,"None","Derek Carrier",85,"TE","away",26,2020110808,2859,"left",15,2.87
63.8,25.16,1.88,"None","Derek Carrier",85,"TE","away",27,2020110808,2859,"left",16,2.88
63.64,25.07,1.89,"None","Derek Carrier",85,"TE","away",28,2020110808,2859,"left",17,2.89
63.49,24.98,1.76,"None","Derek Carrier",85,"TE","away",29,2020110808,2859,"left",18,2.76
63.38,24.88,1.55,"None","Derek Carrier",85,"TE","away",30,2020110808,2859,"left",19,2.55
63.27,24.79,1.37,"None","Derek Carrier",85,"TE","away",31,2020110808,2859,"left",20,2.37
63.19,24.71,1.08,"None","Derek Carrier",85,"TE","away",32,2020110808,2859,"left",21,2.08
63.13,24.64,0.87,"None","Derek Carrier",85,"TE","away",33,2020110808,2859,"left",22,1.87
63.1,24.58,0.49,"punt","Derek Carrier",85,"TE","away",34,2020110808,2859,"left",23,1.49
63.12,24.56,0.33,"None","Derek Carrier",85,"TE","away",35,2020110808,2859,"left",24,1.33
63.18,24.57,0.69,"None","Derek Carrier",85,"TE","away",36,2020110808,2859,"left",25,1.69
62.55,26.59,0,"ball_snap","Erik Harris",25,"FS","away",11,2020110808,2859,"left",0,1
62.55,26.58,0,"None","Erik Harris",25,"FS","away",12,2020110808,2859,"left",1,1
62.55,26.58,0,"None","Erik Harris",25,"FS","away",13,2020110808,2859,"left",2,1
62.55,26.58,0,"None","Erik Harris",25,"FS","away",14,2020110808,2859,"left",3,1
62.55,26.59,0,"None","Erik Harris",25,"FS","away",15,2020110808,2859,"left",4,1
62.55,26.59,0.01,"None","Erik Harris",25,"FS","away",16,2020110808,2859,"left",5,1.01
62.55,26.59,0.05,"None","Erik Harris",25,"FS","away",17,2020110808,2859,"left",6,1.05
62.56,26.6,0.13,"None","Erik Harris",25,"FS","away",18,2020110808,2859,"left",7,1.13
62.56,26.62,0.23,"None","Erik Harris",25,"FS","away",19,2020110808,2859,"left",8,1.23
62.56,26.67,0.41,"None","Erik Harris",25,"FS","away",20,2020110808,2859,"left",9,1.41
62.56,26.7,0.48,"None","Erik Harris",25,"FS","away",21,2020110808,2859,"left",10,1.48
62.55,26.75,0.52,"None","Erik Harris",25,"FS","away",22,2020110808,2859,"left",11,1.52
62.55,26.8,0.58,"None","Erik Harris",25,"FS","away",23,2020110808,2859,"left",12,1.58
62.54,26.85,0.53,"None","Erik Harris",25,"FS","away",24,2020110808,2859,"left",13,1.53
62.53,26.9,0.54,"None","Erik Harris",25,"FS","away",25,2020110808,2859,"left",14,1.54
62.5,26.95,0.56,"None","Erik Harris",25,"FS","away",26,2020110808,2859,"left",15,1.56
62.45,27.01,0.75,"None","Erik Harris",25,"FS","away",27,2020110808,2859,"left",16,1.75
62.38,27.06,0.88,"None","Erik Harris",25,"FS","away",28,2020110808,2859,"left",17,1.88
62.3,27.11,1.07,"None","Erik Harris",25,"FS","away",29,2020110808,2859,"left",18,2.07
62.19,27.17,1.25,"None","Erik Harris",25,"FS","away",30,2020110808,2859,"left",19,2.25
62.06,27.22,1.45,"None","Erik Harris",25,"FS","away",31,2020110808,2859,"left",20,2.45
61.89,27.26,1.77,"None","Erik Harris",25,"FS","away",32,2020110808,2859,"left",21,2.77
61.71,27.3,1.92,"None","Erik Harris",25,"FS","away",33,2020110808,2859,"left",22,2.92
61.53,27.32,1.93,"punt","Erik Harris",25,"FS","away",34,2020110808,2859,"left",23,2.93
61.34,27.33,1.99,"None","Erik Harris",25,"FS","away",35,2020110808,2859,"left",24,2.99
61.14,27.34,2,"None","Erik Harris",25,"FS","away",36,2020110808,2859,"left",25,3
67.18,9.72,0,"ball_snap","Nevin Lawson",26,"CB","away",11,2020110808,2859,"left",0,1
67.18,9.72,0,"None","Nevin Lawson",26,"CB","away",12,2020110808,2859,"left",1,1
67.18,9.72,0,"None","Nevin Lawson",26,"CB","away",13,2020110808,2859,"left",2,1
67.19,9.73,0,"None","Nevin Lawson",26,"CB","away",14,2020110808,2859,"left",3,1
67.19,9.73,0.03,"None","Nevin Lawson",26,"CB","away",15,2020110808,2859,"left",4,1.03
67.21,9.73,0.18,"None","Nevin Lawson",26,"CB","away",16,2020110808,2859,"left",5,1.18
67.25,9.73,0.5,"None","Nevin Lawson",26,"CB","away",17,2020110808,2859,"left",6,1.5
67.31,9.73999999999999,0.81,"None","Nevin Lawson",26,"CB","away",18,2020110808,2859,"left",7,1.81
67.41,9.77,1.19,"None","Nevin Lawson",26,"CB","away",19,2020110808,2859,"left",8,2.19
67.54,9.83,1.52,"None","Nevin Lawson",26,"CB","away",20,2020110808,2859,"left",9,2.52
67.7,9.93,1.92,"None","Nevin Lawson",26,"CB","away",21,2020110808,2859,"left",10,2.92
67.88,10.06,2.32,"None","Nevin Lawson",26,"CB","away",22,2020110808,2859,"left",11,3.32
68.08,10.24,2.75,"None","Nevin Lawson",26,"CB","away",23,2020110808,2859,"left",12,3.75
68.29,10.45,3.11,"None","Nevin Lawson",26,"CB","away",24,2020110808,2859,"left",13,4.11
68.52,10.72,3.56,"None","Nevin Lawson",26,"CB","away",25,2020110808,2859,"left",14,4.56
68.76,11.04,4.07,"None","Nevin Lawson",26,"CB","away",26,2020110808,2859,"left",15,5.07
69.02,11.42,4.61,"None","Nevin Lawson",26,"CB","away",27,2020110808,2859,"left",16,5.61
69.29,11.83,5.04,"None","Nevin Lawson",26,"CB","away",28,2020110808,2859,"left",17,6.04
69.59,12.27,5.47,"None","Nevin Lawson",26,"CB","away",29,2020110808,2859,"left",18,6.47
69.91,12.76,5.96,"None","Nevin Lawson",26,"CB","away",30,2020110808,2859,"left",19,6.96
70.27,13.28,6.45,"None","Nevin Lawson",26,"CB","away",31,2020110808,2859,"left",20,7.45
70.66,13.82,6.82,"None","Nevin Lawson",26,"CB","away",32,2020110808,2859,"left",21,7.82
71.09,14.38,7.11,"None","Nevin Lawson",26,"CB","away",33,2020110808,2859,"left",22,8.11
71.54,14.95,7.32,"punt","Nevin Lawson",26,"CB","away",34,2020110808,2859,"left",23,8.32
72.03,15.52,7.56,"None","Nevin Lawson",26,"CB","away",35,2020110808,2859,"left",24,8.56
72.57,16.08,7.8,"None","Nevin Lawson",26,"CB","away",36,2020110808,2859,"left",25,8.8
67.11,29.24,0.01,"ball_snap","Nick Kwiatkoski",44,"ILB","away",11,2020110808,2859,"left",0,1.01
67.1,29.24,0.04,"None","Nick Kwiatkoski",44,"ILB","away",12,2020110808,2859,"left",1,1.04
67.09,29.24,0.14,"None","Nick Kwiatkoski",44,"ILB","away",13,2020110808,2859,"left",2,1.14
67.05,29.25,0.42,"None","Nick Kwiatkoski",44,"ILB","away",14,2020110808,2859,"left",3,1.42
66.98,29.24,0.69,"None","Nick Kwiatkoski",44,"ILB","away",15,2020110808,2859,"left",4,1.69
66.89,29.25,0.99,"None","Nick Kwiatkoski",44,"ILB","away",16,2020110808,2859,"left",5,1.99
66.77,29.24,1.23,"None","Nick Kwiatkoski",44,"ILB","away",17,2020110808,2859,"left",6,2.23
66.63,29.23,1.45,"None","Nick Kwiatkoski",44,"ILB","away",18,2020110808,2859,"left",7,2.45
66.48,29.22,1.65,"None","Nick Kwiatkoski",44,"ILB","away",19,2020110808,2859,"left",8,2.65
66.3,29.21,1.81,"None","Nick Kwiatkoski",44,"ILB","away",20,2020110808,2859,"left",9,2.81
66.12,29.19,1.92,"None","Nick Kwiatkoski",44,"ILB","away",21,2020110808,2859,"left",10,2.92
65.93,29.16,1.91,"None","Nick Kwiatkoski",44,"ILB","away",22,2020110808,2859,"left",11,2.91
65.75,29.13,1.86,"None","Nick Kwiatkoski",44,"ILB","away",23,2020110808,2859,"left",12,2.86
65.58,29.09,1.76,"None","Nick Kwiatkoski",44,"ILB","away",24,2020110808,2859,"left",13,2.76
65.42,29.06,1.57,"None","Nick Kwiatkoski",44,"ILB","away",25,2020110808,2859,"left",14,2.57
65.28,29.03,1.37,"None","Nick Kwiatkoski",44,"ILB","away",26,2020110808,2859,"left",15,2.37
65.16,29.01,1.16,"None","Nick Kwiatkoski",44,"ILB","away",27,2020110808,2859,"left",16,2.16
65.06,28.99,0.95,"None","Nick Kwiatkoski",44,"ILB","away",28,2020110808,2859,"left",17,1.95
64.97,28.97,0.77,"None","Nick Kwiatkoski",44,"ILB","away",29,2020110808,2859,"left",18,1.77
64.91,28.94,0.64,"None","Nick Kwiatkoski",44,"ILB","away",30,2020110808,2859,"left",19,1.64
64.86,28.91,0.51,"None","Nick Kwiatkoski",44,"ILB","away",31,2020110808,2859,"left",20,1.51
64.83,28.87,0.47,"None","Nick Kwiatkoski",44,"ILB","away",32,2020110808,2859,"left",21,1.47
64.83,28.8,0.68,"None","Nick Kwiatkoski",44,"ILB","away",33,2020110808,2859,"left",22,1.68
64.86,28.72,0.93,"punt","Nick Kwiatkoski",44,"ILB","away",34,2020110808,2859,"left",23,1.93
64.89,28.63,1.1,"None","Nick Kwiatkoski",44,"ILB","away",35,2020110808,2859,"left",24,2.1
64.94,28.51,1.36,"None","Nick Kwiatkoski",44,"ILB","away",36,2020110808,2859,"left",25,2.36
66.91,26.3,0,"ball_snap","Raekwon McMillan",54,"ILB","away",11,2020110808,2859,"left",0,1
66.91,26.3,0,"None","Raekwon McMillan",54,"ILB","away",12,2020110808,2859,"left",1,1
66.91,26.3,0,"None","Raekwon McMillan",54,"ILB","away",13,2020110808,2859,"left",2,1
66.9,26.3,0,"None","Raekwon McMillan",54,"ILB","away",14,2020110808,2859,"left",3,1
66.88,26.3,0.02,"None","Raekwon McMillan",54,"ILB","away",15,2020110808,2859,"left",4,1.02
66.87,26.3,0.24,"None","Raekwon McMillan",54,"ILB","away",16,2020110808,2859,"left",5,1.24
66.83,26.3,0.6,"None","Raekwon McMillan",54,"ILB","away",17,2020110808,2859,"left",6,1.6
66.73,26.29,1.17,"None","Raekwon McMillan",54,"ILB","away",18,2020110808,2859,"left",7,2.17
66.6,26.29,1.69,"None","Raekwon McMillan",54,"ILB","away",19,2020110808,2859,"left",8,2.69
66.4,26.28,2.18,"None","Raekwon McMillan",54,"ILB","away",20,2020110808,2859,"left",9,3.18
66.16,26.25,2.62,"None","Raekwon McMillan",54,"ILB","away",21,2020110808,2859,"left",10,3.62
65.88,26.21,2.94,"None","Raekwon McMillan",54,"ILB","away",22,2020110808,2859,"left",11,3.94
65.59,26.17,3.13,"None","Raekwon McMillan",54,"ILB","away",23,2020110808,2859,"left",12,4.13
65.27,26.11,3.29,"None","Raekwon McMillan",54,"ILB","away",24,2020110808,2859,"left",13,4.29
64.95,26.04,3.34,"None","Raekwon McMillan",54,"ILB","away",25,2020110808,2859,"left",14,4.34
64.63,25.97,3.26,"None","Raekwon McMillan",54,"ILB","away",26,2020110808,2859,"left",15,4.26
64.33,25.9,3.08,"None","Raekwon McMillan",54,"ILB","away",27,2020110808,2859,"left",16,4.08
64.04,25.82,2.94,"None","Raekwon McMillan",54,"ILB","away",28,2020110808,2859,"left",17,3.94
63.78,25.75,2.57,"None","Raekwon McMillan",54,"ILB","away",29,2020110808,2859,"left",18,3.57
63.57,25.68,2.13,"None","Raekwon McMillan",54,"ILB","away",30,2020110808,2859,"left",19,3.13
63.4,25.62,1.67,"None","Raekwon McMillan",54,"ILB","away",31,2020110808,2859,"left",20,2.67
63.31,25.57,0.94,"None","Raekwon McMillan",54,"ILB","away",32,2020110808,2859,"left",21,1.94
63.29,25.53,0.4,"None","Raekwon McMillan",54,"ILB","away",33,2020110808,2859,"left",22,1.4
63.34,25.49,0.76,"punt","Raekwon McMillan",54,"ILB","away",34,2020110808,2859,"left",23,1.76
63.45,25.44,1.46,"None","Raekwon McMillan",54,"ILB","away",35,2020110808,2859,"left",24,2.46
63.63,25.4,2.13,"None","Raekwon McMillan",54,"ILB","away",36,2020110808,2859,"left",25,3.13
69.25,33.91,0,"ball_snap","Isaac Rochell",98,"DE","home",11,2020110808,2859,"left",0,1
69.25,33.91,0,"None","Isaac Rochell",98,"DE","home",12,2020110808,2859,"left",1,1
69.24,33.91,0.04,"None","Isaac Rochell",98,"DE","home",13,2020110808,2859,"left",2,1.04
69.22,33.9,0.19,"None","Isaac Rochell",98,"DE","home",14,2020110808,2859,"left",3,1.19
69.17,33.88,0.53,"None","Isaac Rochell",98,"DE","home",15,2020110808,2859,"left",4,1.53
69.07,33.85,0.97,"None","Isaac Rochell",98,"DE","home",16,2020110808,2859,"left",5,1.97
68.92,33.81,1.5,"None","Isaac Rochell",98,"DE","home",17,2020110808,2859,"left",6,2.5
68.69,33.76,2.07,"None","Isaac Rochell",98,"DE","home",18,2020110808,2859,"left",7,3.07
68.43,33.68,2.55,"None","Isaac Rochell",98,"DE","home",19,2020110808,2859,"left",8,3.55
68.14,33.6,2.91,"None","Isaac Rochell",98,"DE","home",20,2020110808,2859,"left",9,3.91
67.79,33.52,3.32,"None","Isaac Rochell",98,"DE","home",21,2020110808,2859,"left",10,4.32
67.39,33.42,3.69,"None","Isaac Rochell",98,"DE","home",22,2020110808,2859,"left",11,4.69
66.99,33.32,3.96,"None","Isaac Rochell",98,"DE","home",23,2020110808,2859,"left",12,4.96
66.54,33.23,4.24,"None","Isaac Rochell",98,"DE","home",24,2020110808,2859,"left",13,5.24
66.11,33.15,4.34,"None","Isaac Rochell",98,"DE","home",25,2020110808,2859,"left",14,5.34
65.67,33.07,4.39,"None","Isaac Rochell",98,"DE","home",26,2020110808,2859,"left",15,5.39
65.24,33,4.32,"None","Isaac Rochell",98,"DE","home",27,2020110808,2859,"left",16,5.32
64.83,32.95,4.15,"None","Isaac Rochell",98,"DE","home",28,2020110808,2859,"left",17,5.15
64.43,32.91,3.93,"None","Isaac Rochell",98,"DE","home",29,2020110808,2859,"left",18,4.93
64.06,32.9,3.63,"None","Isaac Rochell",98,"DE","home",30,2020110808,2859,"left",19,4.63
63.73,32.89,3.21,"None","Isaac Rochell",98,"DE","home",31,2020110808,2859,"left",20,4.21
63.45,32.9,2.75,"None","Isaac Rochell",98,"DE","home",32,2020110808,2859,"left",21,3.75
63.21,32.9,2.26,"None","Isaac Rochell",98,"DE","home",33,2020110808,2859,"left",22,3.26
63.04,32.91,1.63,"punt","Isaac Rochell",98,"DE","home",34,2020110808,2859,"left",23,2.63
62.92,32.91,1.05,"None","Isaac Rochell",98,"DE","home",35,2020110808,2859,"left",24,2.05
62.86,32.91,0.48,"None","Isaac Rochell",98,"DE","home",36,2020110808,2859,"left",25,1.48
66.98,30.22,0,"ball_snap","Nicholas Morrow",50,"OLB","away",11,2020110808,2859,"left",0,1
66.98,30.22,0,"None","Nicholas Morrow",50,"OLB","away",12,2020110808,2859,"left",1,1
66.98,30.22,0,"None","Nicholas Morrow",50,"OLB","away",13,2020110808,2859,"left",2,1
66.97,30.22,0,"None","Nicholas Morrow",50,"OLB","away",14,2020110808,2859,"left",3,1
66.96,30.22,0.02,"None","Nicholas Morrow",50,"OLB","away",15,2020110808,2859,"left",4,1.02
66.94,30.22,0.22,"None","Nicholas Morrow",50,"OLB","away",16,2020110808,2859,"left",5,1.22
66.9,30.23,0.56,"None","Nicholas Morrow",50,"OLB","away",17,2020110808,2859,"left",6,1.56
66.81,30.23,0.99,"None","Nicholas Morrow",50,"OLB","away",18,2020110808,2859,"left",7,1.99
66.69,30.24,1.36,"None","Nicholas Morrow",50,"OLB","away",19,2020110808,2859,"left",8,2.36
66.54,30.25,1.71,"None","Nicholas Morrow",50,"OLB","away",20,2020110808,2859,"left",9,2.71
66.36,30.26,1.96,"None","Nicholas Morrow",50,"OLB","away",21,2020110808,2859,"left",10,2.96
66.17,30.28,2.09,"None","Nicholas Morrow",50,"OLB","away",22,2020110808,2859,"left",11,3.09
65.97,30.29,2.13,"None","Nicholas Morrow",50,"OLB","away",23,2020110808,2859,"left",12,3.13
65.78,30.3,2.03,"None","Nicholas Morrow",50,"OLB","away",24,2020110808,2859,"left",13,3.03
65.59,30.3,1.87,"None","Nicholas Morrow",50,"OLB","away",25,2020110808,2859,"left",14,2.87
65.42,30.31,1.67,"None","Nicholas Morrow",50,"OLB","away",26,2020110808,2859,"left",15,2.67
65.28,30.32,1.42,"None","Nicholas Morrow",50,"OLB","away",27,2020110808,2859,"left",16,2.42
65.15,30.32,1.16,"None","Nicholas Morrow",50,"OLB","away",28,2020110808,2859,"left",17,2.16
65.06,30.34,0.85,"None","Nicholas Morrow",50,"OLB","away",29,2020110808,2859,"left",18,1.85
64.99,30.36,0.64,"None","Nicholas Morrow",50,"OLB","away",30,2020110808,2859,"left",19,1.64
64.95,30.41,0.59,"None","Nicholas Morrow",50,"OLB","away",31,2020110808,2859,"left",20,1.59
64.95,30.48,0.82,"None","Nicholas Morrow",50,"OLB","away",32,2020110808,2859,"left",21,1.82
64.98,30.58,1.29,"None","Nicholas Morrow",50,"OLB","away",33,2020110808,2859,"left",22,2.29
65.04,30.71,1.72,"punt","Nicholas Morrow",50,"OLB","away",34,2020110808,2859,"left",23,2.72
65.15,30.88,2.23,"None","Nicholas Morrow",50,"OLB","away",35,2020110808,2859,"left",24,3.23
65.29,31.09,2.79,"None","Nicholas Morrow",50,"OLB","away",36,2020110808,2859,"left",25,3.79
69.57,10.27,0,"ball_snap","Michael Davis",43,"CB","home",11,2020110808,2859,"left",0,1
69.57,10.27,0,"None","Michael Davis",43,"CB","home",12,2020110808,2859,"left",1,1
69.57,10.27,0,"None","Michael Davis",43,"CB","home",13,2020110808,2859,"left",2,1
69.57,10.27,0,"None","Michael Davis",43,"CB","home",14,2020110808,2859,"left",3,1
69.57,10.27,0,"None","Michael Davis",43,"CB","home",15,2020110808,2859,"left",4,1
69.57,10.27,0.02,"None","Michael Davis",43,"CB","home",16,2020110808,2859,"left",5,1.02
69.57,10.27,0.06,"None","Michael Davis",43,"CB","home",17,2020110808,2859,"left",6,1.06
69.58,10.27,0.12,"None","Michael Davis",43,"CB","home",18,2020110808,2859,"left",7,1.12
69.61,10.28,0.28,"None","Michael Davis",43,"CB","home",19,2020110808,2859,"left",8,1.28
69.65,10.3,0.44,"None","Michael Davis",43,"CB","home",20,2020110808,2859,"left",9,1.44
69.7,10.33,0.62,"None","Michael Davis",43,"CB","home",21,2020110808,2859,"left",10,1.62
69.76,10.38,0.79,"None","Michael Davis",43,"CB","home",22,2020110808,2859,"left",11,1.79
69.83,10.46,1.18,"None","Michael Davis",43,"CB","home",23,2020110808,2859,"left",12,2.18
69.93,10.57,1.57,"None","Michael Davis",43,"CB","home",24,2020110808,2859,"left",13,2.57
70.04,10.71,1.99,"None","Michael Davis",43,"CB","home",25,2020110808,2859,"left",14,2.99
70.17,10.89,2.45,"None","Michael Davis",43,"CB","home",26,2020110808,2859,"left",15,3.45
70.32,11.13,2.98,"None","Michael Davis",43,"CB","home",27,2020110808,2859,"left",16,3.98
70.49,11.41,3.53,"None","Michael Davis",43,"CB","home",28,2020110808,2859,"left",17,4.53
70.69,11.72,4,"None","Michael Davis",43,"CB","home",29,2020110808,2859,"left",18,5
70.93,12.08,4.45,"None","Michael Davis",43,"CB","home",30,2020110808,2859,"left",19,5.45
71.2,12.47,4.93,"None","Michael Davis",43,"CB","home",31,2020110808,2859,"left",20,5.93
71.5,12.89,5.31,"None","Michael Davis",43,"CB","home",32,2020110808,2859,"left",21,6.31
71.83,13.33,5.63,"None","Michael Davis",43,"CB","home",33,2020110808,2859,"left",22,6.63
72.21,13.78,6.02,"punt","Michael Davis",43,"CB","home",34,2020110808,2859,"left",23,7.02
72.63,14.24,6.39,"None","Michael Davis",43,"CB","home",35,2020110808,2859,"left",24,7.39
73.09,14.7,6.69,"None","Michael Davis",43,"CB","home",36,2020110808,2859,"left",25,7.69
68.83,23.52,0,"ball_snap","Uchenna Nwosu",42,"DE","home",11,2020110808,2859,"left",0,1
68.82,23.52,0,"None","Uchenna Nwosu",42,"DE","home",12,2020110808,2859,"left",1,1
68.81,23.52,0.01,"None","Uchenna Nwosu",42,"DE","home",13,2020110808,2859,"left",2,1.01
68.79,23.53,0.11,"None","Uchenna Nwosu",42,"DE","home",14,2020110808,2859,"left",3,1.11
68.75,23.54,0.42,"None","Uchenna Nwosu",42,"DE","home",15,2020110808,2859,"left",4,1.42
68.68,23.57,0.89,"None","Uchenna Nwosu",42,"DE","home",16,2020110808,2859,"left",5,1.89
68.53,23.62,1.45,"None","Uchenna Nwosu",42,"DE","home",17,2020110808,2859,"left",6,2.45
68.29,23.7,2.2,"None","Uchenna Nwosu",42,"DE","home",18,2020110808,2859,"left",7,3.2
68.02,23.78,2.68,"None","Uchenna Nwosu",42,"DE","home",19,2020110808,2859,"left",8,3.68
67.71,23.86,3.16,"None","Uchenna Nwosu",42,"DE","home",20,2020110808,2859,"left",9,4.16
67.38,23.96,3.52,"None","Uchenna Nwosu",42,"DE","home",21,2020110808,2859,"left",10,4.52
66.97,24.06,3.98,"None","Uchenna Nwosu",42,"DE","home",22,2020110808,2859,"left",11,4.98
66.57,24.16,4.2,"None","Uchenna Nwosu",42,"DE","home",23,2020110808,2859,"left",12,5.2
66.15,24.26,4.31,"None","Uchenna Nwosu",42,"DE","home",24,2020110808,2859,"left",13,5.31
65.73,24.34,4.31,"None","Uchenna Nwosu",42,"DE","home",25,2020110808,2859,"left",14,5.31
65.32,24.41,4.11,"None","Uchenna Nwosu",42,"DE","home",26,2020110808,2859,"left",15,5.11
64.94,24.47,3.82,"None","Uchenna Nwosu",42,"DE","home",27,2020110808,2859,"left",16,4.82
64.59,24.51,3.4,"None","Uchenna Nwosu",42,"DE","home",28,2020110808,2859,"left",17,4.4
64.29,24.52,2.91,"None","Uchenna Nwosu",42,"DE","home",29,2020110808,2859,"left",18,3.91
64.06,24.5,2.29,"None","Uchenna Nwosu",42,"DE","home",30,2020110808,2859,"left",19,3.29
63.86,24.47,1.84,"None","Uchenna Nwosu",42,"DE","home",31,2020110808,2859,"left",20,2.84
63.71,24.41,1.47,"None","Uchenna Nwosu",42,"DE","home",32,2020110808,2859,"left",21,2.47
63.61,24.32,1.21,"None","Uchenna Nwosu",42,"DE","home",33,2020110808,2859,"left",22,2.21
63.56,24.22,1.09,"punt","Uchenna Nwosu",42,"DE","home",34,2020110808,2859,"left",23,2.09
63.53,24.12,1.1,"None","Uchenna Nwosu",42,"DE","home",35,2020110808,2859,"left",24,2.1
63.53,24.01,1.11,"None","Uchenna Nwosu",42,"DE","home",36,2020110808,2859,"left",25,2.11
70.17,26.51,0,"ball_snap","Kyzir White",44,"OLB","home",11,2020110808,2859,"left",0,1
70.16,26.51,0,"None","Kyzir White",44,"OLB","home",12,2020110808,2859,"left",1,1
70.16,26.52,0,"None","Kyzir White",44,"OLB","home",13,2020110808,2859,"left",2,1
70.16,26.52,0,"None","Kyzir White",44,"OLB","home",14,2020110808,2859,"left",3,1
70.15,26.52,0.02,"None","Kyzir White",44,"OLB","home",15,2020110808,2859,"left",4,1.02
70.14,26.52,0.13,"None","Kyzir White",44,"OLB","home",16,2020110808,2859,"left",5,1.13
70.11,26.52,0.35,"None","Kyzir White",44,"OLB","home",17,2020110808,2859,"left",6,1.35
70.06,26.53,0.66,"None","Kyzir White",44,"OLB","home",18,2020110808,2859,"left",7,1.66
69.97,26.55,1,"None","Kyzir White",44,"OLB","home",19,2020110808,2859,"left",8,2
69.85,26.59,1.31,"None","Kyzir White",44,"OLB","home",20,2020110808,2859,"left",9,2.31
69.7,26.64,1.6,"None","Kyzir White",44,"OLB","home",21,2020110808,2859,"left",10,2.6
69.54,26.69,1.8,"None","Kyzir White",44,"OLB","home",22,2020110808,2859,"left",11,2.8
69.37,26.75,1.95,"None","Kyzir White",44,"OLB","home",23,2020110808,2859,"left",12,2.95
69.18,26.82,2.09,"None","Kyzir White",44,"OLB","home",24,2020110808,2859,"left",13,3.09
68.98,26.91,2.22,"None","Kyzir White",44,"OLB","home",25,2020110808,2859,"left",14,3.22
68.78,27.01,2.26,"None","Kyzir White",44,"OLB","home",26,2020110808,2859,"left",15,3.26
68.58,27.1,2.22,"None","Kyzir White",44,"OLB","home",27,2020110808,2859,"left",16,3.22
68.38,27.2,2.17,"None","Kyzir White",44,"OLB","home",28,2020110808,2859,"left",17,3.17
68.19,27.29,2.1,"None","Kyzir White",44,"OLB","home",29,2020110808,2859,"left",18,3.1
68.01,27.38,2.02,"None","Kyzir White",44,"OLB","home",30,2020110808,2859,"left",19,3.02
67.83,27.45,1.88,"None","Kyzir White",44,"OLB","home",31,2020110808,2859,"left",20,2.88
67.67,27.52,1.72,"None","Kyzir White",44,"OLB","home",32,2020110808,2859,"left",21,2.72
67.52,27.58,1.55,"None","Kyzir White",44,"OLB","home",33,2020110808,2859,"left",22,2.55
67.38,27.63,1.37,"punt","Kyzir White",44,"OLB","home",34,2020110808,2859,"left",23,2.37
67.26,27.67,1.15,"None","Kyzir White",44,"OLB","home",35,2020110808,2859,"left",24,2.15
67.16,27.7,0.99,"None","Kyzir White",44,"OLB","home",36,2020110808,2859,"left",25,1.99
67.92,28.01,0,"ball_snap","Trent Sieg",47,"LS","away",11,2020110808,2859,"left",0,1
67.91,28.01,0.06,"None","Trent Sieg",47,"LS","away",12,2020110808,2859,"left",1,1.06
67.89,28.01,0.28,"None","Trent Sieg",47,"LS","away",13,2020110808,2859,"left",2,1.28
67.84,28.01,0.55,"None","Trent Sieg",47,"LS","away",14,2020110808,2859,"left",3,1.55
67.74,28.01,0.94,"None","Trent Sieg",47,"LS","away",15,2020110808,2859,"left",4,1.94
67.62,28.01,1.29,"None","Trent Sieg",47,"LS","away",16,2020110808,2859,"left",5,2.29
67.46,28,1.6,"None","Trent Sieg",47,"LS","away",17,2020110808,2859,"left",6,2.6
67.27,27.97,1.87,"None","Trent Sieg",47,"LS","away",18,2020110808,2859,"left",7,2.87
67.06,27.95,2.05,"None","Trent Sieg",47,"LS","away",19,2020110808,2859,"left",8,3.05
66.85,27.92,2.14,"None","Trent Sieg",47,"LS","away",20,2020110808,2859,"left",9,3.14
66.63,27.88,2.19,"None","Trent Sieg",47,"LS","away",21,2020110808,2859,"left",10,3.19
66.39,27.83,2.28,"None","Trent Sieg",47,"LS","away",22,2020110808,2859,"left",11,3.28
66.16,27.78,2.3,"None","Trent Sieg",47,"LS","away",23,2020110808,2859,"left",12,3.3
65.93,27.72,2.35,"None","Trent Sieg",47,"LS","away",24,2020110808,2859,"left",13,3.35
65.69,27.66,2.36,"None","Trent Sieg",47,"LS","away",25,2020110808,2859,"left",14,3.36
65.45,27.6,2.4,"None","Trent Sieg",47,"LS","away",26,2020110808,2859,"left",15,3.4
65.21,27.54,2.4,"None","Trent Sieg",47,"LS","away",27,2020110808,2859,"left",16,3.4
64.98,27.49,2.35,"None","Trent Sieg",47,"LS","away",28,2020110808,2859,"left",17,3.35
64.76,27.44,2.26,"None","Trent Sieg",47,"LS","away",29,2020110808,2859,"left",18,3.26
64.57,27.39,1.96,"None","Trent Sieg",47,"LS","away",30,2020110808,2859,"left",19,2.96
64.4,27.36,1.64,"None","Trent Sieg",47,"LS","away",31,2020110808,2859,"left",20,2.64
64.26,27.33,1.31,"None","Trent Sieg",47,"LS","away",32,2020110808,2859,"left",21,2.31
64.17,27.29,0.89,"None","Trent Sieg",47,"LS","away",33,2020110808,2859,"left",22,1.89
64.13,27.24,0.58,"punt","Trent Sieg",47,"LS","away",34,2020110808,2859,"left",23,1.58
64.14,27.18,0.61,"None","Trent Sieg",47,"LS","away",35,2020110808,2859,"left",24,1.61
64.19,27.11,0.92,"None","Trent Sieg",47,"LS","away",36,2020110808,2859,"left",25,1.92
70.14,46.58,0,"ball_snap","Quenton Meeks",29,"CB","home",11,2020110808,2859,"left",0,1
70.14,46.58,0,"None","Quenton Meeks",29,"CB","home",12,2020110808,2859,"left",1,1
70.14,46.58,0,"None","Quenton Meeks",29,"CB","home",13,2020110808,2859,"left",2,1
70.14,46.58,0,"None","Quenton Meeks",29,"CB","home",14,2020110808,2859,"left",3,1
70.14,46.58,0,"None","Quenton Meeks",29,"CB","home",15,2020110808,2859,"left",4,1
70.14,46.58,0.04,"None","Quenton Meeks",29,"CB","home",16,2020110808,2859,"left",5,1.04
70.15,46.57,0.11,"None","Quenton Meeks",29,"CB","home",17,2020110808,2859,"left",6,1.11
70.17,46.57,0.26,"None","Quenton Meeks",29,"CB","home",18,2020110808,2859,"left",7,1.26
70.22,46.59,0.47,"None","Quenton Meeks",29,"CB","home",19,2020110808,2859,"left",8,1.47
70.31,46.63,0.85,"None","Quenton Meeks",29,"CB","home",20,2020110808,2859,"left",9,1.85
70.41,46.68,1.17,"None","Quenton Meeks",29,"CB","home",21,2020110808,2859,"left",10,2.17
70.55,46.75,1.52,"None","Quenton Meeks",29,"CB","home",22,2020110808,2859,"left",11,2.52
70.73,46.86,2,"None","Quenton Meeks",29,"CB","home",23,2020110808,2859,"left",12,3
70.94,47.01,2.52,"None","Quenton Meeks",29,"CB","home",24,2020110808,2859,"left",13,3.52
71.2,47.17,3.05,"None","Quenton Meeks",29,"CB","home",25,2020110808,2859,"left",14,4.05
71.51,47.36,3.6,"None","Quenton Meeks",29,"CB","home",26,2020110808,2859,"left",15,4.6
71.86,47.57,4.15,"None","Quenton Meeks",29,"CB","home",27,2020110808,2859,"left",16,5.15
72.25,47.8,4.64,"None","Quenton Meeks",29,"CB","home",28,2020110808,2859,"left",17,5.64
72.67,48.05,5.14,"None","Quenton Meeks",29,"CB","home",29,2020110808,2859,"left",18,6.14
73.14,48.32,5.6,"None","Quenton Meeks",29,"CB","home",30,2020110808,2859,"left",19,6.6
73.66,48.59,6.05,"None","Quenton Meeks",29,"CB","home",31,2020110808,2859,"left",20,7.05
74.24,48.86,6.54,"None","Quenton Meeks",29,"CB","home",32,2020110808,2859,"left",21,7.54
74.86,49.13,6.84,"None","Quenton Meeks",29,"CB","home",33,2020110808,2859,"left",22,7.84
75.51,49.4,7.16,"punt","Quenton Meeks",29,"CB","home",34,2020110808,2859,"left",23,8.16
76.2,49.66,7.49,"None","Quenton Meeks",29,"CB","home",35,2020110808,2859,"left",24,8.49
76.92,49.91,7.71,"None","Quenton Meeks",29,"CB","home",36,2020110808,2859,"left",25,8.71
69.52,30.6,0,"ball_snap","Jerry Tillery",99,"DT","home",11,2020110808,2859,"left",0,1
69.52,30.59,0,"None","Jerry Tillery",99,"DT","home",12,2020110808,2859,"left",1,1
69.51,30.59,0,"None","Jerry Tillery",99,"DT","home",13,2020110808,2859,"left",2,1
69.51,30.58,0.02,"None","Jerry Tillery",99,"DT","home",14,2020110808,2859,"left",3,1.02
69.5,30.58,0.17,"None","Jerry Tillery",99,"DT","home",15,2020110808,2859,"left",4,1.17
69.46,30.55,0.47,"None","Jerry Tillery",99,"DT","home",16,2020110808,2859,"left",5,1.47
69.4,30.51,0.85,"None","Jerry Tillery",99,"DT","home",17,2020110808,2859,"left",6,1.85
69.29,30.44,1.31,"None","Jerry Tillery",99,"DT","home",18,2020110808,2859,"left",7,2.31
69.15,30.35,1.69,"None","Jerry Tillery",99,"DT","home",19,2020110808,2859,"left",8,2.69
68.97,30.26,2.03,"None","Jerry Tillery",99,"DT","home",20,2020110808,2859,"left",9,3.03
68.76,30.15,2.3,"None","Jerry Tillery",99,"DT","home",21,2020110808,2859,"left",10,3.3
68.53,30.03,2.55,"None","Jerry Tillery",99,"DT","home",22,2020110808,2859,"left",11,3.55
68.26,29.92,2.8,"None","Jerry Tillery",99,"DT","home",23,2020110808,2859,"left",12,3.8
67.98,29.82,2.92,"None","Jerry Tillery",99,"DT","home",24,2020110808,2859,"left",13,3.92
67.67,29.73,3.07,"None","Jerry Tillery",99,"DT","home",25,2020110808,2859,"left",14,4.07
67.37,29.65,3.1,"None","Jerry Tillery",99,"DT","home",26,2020110808,2859,"left",15,4.1
67.07,29.58,3,"None","Jerry Tillery",99,"DT","home",27,2020110808,2859,"left",16,4
66.8,29.53,2.83,"None","Jerry Tillery",99,"DT","home",28,2020110808,2859,"left",17,3.83
66.53,29.47,2.66,"None","Jerry Tillery",99,"DT","home",29,2020110808,2859,"left",18,3.66
66.29,29.43,2.42,"None","Jerry Tillery",99,"DT","home",30,2020110808,2859,"left",19,3.42
66.06,29.38,2.19,"None","Jerry Tillery",99,"DT","home",31,2020110808,2859,"left",20,3.19
65.87,29.34,1.91,"None","Jerry Tillery",99,"DT","home",32,2020110808,2859,"left",21,2.91
65.7,29.29,1.67,"None","Jerry Tillery",99,"DT","home",33,2020110808,2859,"left",22,2.67
65.56,29.23,1.4,"punt","Jerry Tillery",99,"DT","home",34,2020110808,2859,"left",23,2.4
65.47,29.16,1.16,"None","Jerry Tillery",99,"DT","home",35,2020110808,2859,"left",24,2.16
65.4,29.06,1.07,"None","Jerry Tillery",99,"DT","home",36,2020110808,2859,"left",25,2.07
71.18,31.65,0,"ball_snap","Nasir Adderley",24,"FS","home",11,2020110808,2859,"left",0,1
71.17,31.65,0,"None","Nasir Adderley",24,"FS","home",12,2020110808,2859,"left",1,1
71.16,31.66,0,"None","Nasir Adderley",24,"FS","home",13,2020110808,2859,"left",2,1
71.16,31.66,0,"None","Nasir Adderley",24,"FS","home",14,2020110808,2859,"left",3,1
71.15,31.66,0,"None","Nasir Adderley",24,"FS","home",15,2020110808,2859,"left",4,1
71.15,31.66,0.11,"None","Nasir Adderley",24,"FS","home",16,2020110808,2859,"left",5,1.11
71.13,31.66,0.25,"None","Nasir Adderley",24,"FS","home",17,2020110808,2859,"left",6,1.25
71.09,31.66,0.44,"None","Nasir Adderley",24,"FS","home",18,2020110808,2859,"left",7,1.44
71.04,31.65,0.63,"None","Nasir Adderley",24,"FS","home",19,2020110808,2859,"left",8,1.63
70.96,31.64,0.83,"None","Nasir Adderley",24,"FS","home",20,2020110808,2859,"left",9,1.83
70.87,31.61,1.01,"None","Nasir Adderley",24,"FS","home",21,2020110808,2859,"left",10,2.01
70.76,31.58,1.17,"None","Nasir Adderley",24,"FS","home",22,2020110808,2859,"left",11,2.17
70.64,31.54,1.38,"None","Nasir Adderley",24,"FS","home",23,2020110808,2859,"left",12,2.38
70.49,31.5,1.57,"None","Nasir Adderley",24,"FS","home",24,2020110808,2859,"left",13,2.57
70.34,31.46,1.73,"None","Nasir Adderley",24,"FS","home",25,2020110808,2859,"left",14,2.73
70.16,31.41,1.86,"None","Nasir Adderley",24,"FS","home",26,2020110808,2859,"left",15,2.86
69.97,31.37,1.99,"None","Nasir Adderley",24,"FS","home",27,2020110808,2859,"left",16,2.99
69.77,31.34,2.13,"None","Nasir Adderley",24,"FS","home",28,2020110808,2859,"left",17,3.13
69.55,31.31,2.22,"None","Nasir Adderley",24,"FS","home",29,2020110808,2859,"left",18,3.22
69.33,31.29,2.26,"None","Nasir Adderley",24,"FS","home",30,2020110808,2859,"left",19,3.26
69.1,31.28,2.26,"None","Nasir Adderley",24,"FS","home",31,2020110808,2859,"left",20,3.26
68.88,31.27,2.25,"None","Nasir Adderley",24,"FS","home",32,2020110808,2859,"left",21,3.25
68.66,31.28,2.16,"None","Nasir Adderley",24,"FS","home",33,2020110808,2859,"left",22,3.16
68.45,31.31,2.07,"punt","Nasir Adderley",24,"FS","home",34,2020110808,2859,"left",23,3.07
68.26,31.36,1.86,"None","Nasir Adderley",24,"FS","home",35,2020110808,2859,"left",24,2.86
68.1,31.43,1.69,"None","Nasir Adderley",24,"FS","home",36,2020110808,2859,"left",25,2.69
64.57,30.99,0,"ball_snap","Foster Moreau",87,"TE","away",11,2020110808,2859,"left",0,1
64.57,30.99,0,"None","Foster Moreau",87,"TE","away",12,2020110808,2859,"left",1,1
64.57,30.99,0,"None","Foster Moreau",87,"TE","away",13,2020110808,2859,"left",2,1
64.57,30.99,0,"None","Foster Moreau",87,"TE","away",14,2020110808,2859,"left",3,1
64.55,30.99,0.01,"None","Foster Moreau",87,"TE","away",15,2020110808,2859,"left",4,1.01
64.55,30.99,0.15,"None","Foster Moreau",87,"TE","away",16,2020110808,2859,"left",5,1.15
64.52,30.99,0.42,"None","Foster Moreau",87,"TE","away",17,2020110808,2859,"left",6,1.42
64.46,31,0.77,"None","Foster Moreau",87,"TE","away",18,2020110808,2859,"left",7,1.77
64.37,31.02,1.08,"None","Foster Moreau",87,"TE","away",19,2020110808,2859,"left",8,2.08
64.25,31.05,1.31,"None","Foster Moreau",87,"TE","away",20,2020110808,2859,"left",9,2.31
64.12,31.09,1.48,"None","Foster Moreau",87,"TE","away",21,2020110808,2859,"left",10,2.48
63.97,31.14,1.64,"None","Foster Moreau",87,"TE","away",22,2020110808,2859,"left",11,2.64
63.83,31.19,1.57,"None","Foster Moreau",87,"TE","away",23,2020110808,2859,"left",12,2.57
63.69,31.25,1.51,"None","Foster Moreau",87,"TE","away",24,2020110808,2859,"left",13,2.51
63.56,31.31,1.42,"None","Foster Moreau",87,"TE","away",25,2020110808,2859,"left",14,2.42
63.44,31.38,1.33,"None","Foster Moreau",87,"TE","away",26,2020110808,2859,"left",15,2.33
63.34,31.47,1.27,"None","Foster Moreau",87,"TE","away",27,2020110808,2859,"left",16,2.27
63.25,31.55,1.15,"None","Foster Moreau",87,"TE","away",28,2020110808,2859,"left",17,2.15
63.2,31.64,1,"None","Foster Moreau",87,"TE","away",29,2020110808,2859,"left",18,2
63.18,31.73,0.87,"None","Foster Moreau",87,"TE","away",30,2020110808,2859,"left",19,1.87
63.2,31.81,0.89,"None","Foster Moreau",87,"TE","away",31,2020110808,2859,"left",20,1.89
63.25,31.9,1.07,"None","Foster Moreau",87,"TE","away",32,2020110808,2859,"left",21,2.07
63.33,31.98,1.23,"None","Foster Moreau",87,"TE","away",33,2020110808,2859,"left",22,2.23
63.45,32.07,1.56,"punt","Foster Moreau",87,"TE","away",34,2020110808,2859,"left",23,2.56
63.61,32.17,1.94,"None","Foster Moreau",87,"TE","away",35,2020110808,2859,"left",24,2.94
63.81,32.29,2.41,"None","Foster Moreau",87,"TE","away",36,2020110808,2859,"left",25,3.41
67.55,47.03,0,"ball_snap","Keisean Nixon",22,"CB","away",11,2020110808,2859,"left",0,1
67.55,47.02,0,"None","Keisean Nixon",22,"CB","away",12,2020110808,2859,"left",1,1
67.55,47.02,0,"None","Keisean Nixon",22,"CB","away",13,2020110808,2859,"left",2,1
67.56,47.02,0,"None","Keisean Nixon",22,"CB","away",14,2020110808,2859,"left",3,1
67.56,47.02,0.01,"None","Keisean Nixon",22,"CB","away",15,2020110808,2859,"left",4,1.01
67.57,47.02,0.12,"None","Keisean Nixon",22,"CB","away",16,2020110808,2859,"left",5,1.12
67.59,47.02,0.32,"None","Keisean Nixon",22,"CB","away",17,2020110808,2859,"left",6,1.32
67.66,47.04,0.74,"None","Keisean Nixon",22,"CB","away",18,2020110808,2859,"left",7,1.74
67.79,47.1,1.4,"None","Keisean Nixon",22,"CB","away",19,2020110808,2859,"left",8,2.4
67.96,47.18,2.03,"None","Keisean Nixon",22,"CB","away",20,2020110808,2859,"left",9,3.03
68.18,47.31,2.77,"None","Keisean Nixon",22,"CB","away",21,2020110808,2859,"left",10,3.77
68.46,47.48,3.45,"None","Keisean Nixon",22,"CB","away",22,2020110808,2859,"left",11,4.45
68.79,47.68,4.08,"None","Keisean Nixon",22,"CB","away",23,2020110808,2859,"left",12,5.08
69.16,47.92,4.69,"None","Keisean Nixon",22,"CB","away",24,2020110808,2859,"left",13,5.69
69.57,48.18,5.1,"None","Keisean Nixon",22,"CB","away",25,2020110808,2859,"left",14,6.1
70.03,48.46,5.56,"None","Keisean Nixon",22,"CB","away",26,2020110808,2859,"left",15,6.56
70.54,48.76,6,"None","Keisean Nixon",22,"CB","away",27,2020110808,2859,"left",16,7
71.08,49.07,6.43,"None","Keisean Nixon",22,"CB","away",28,2020110808,2859,"left",17,7.43
71.67,49.37,6.75,"None","Keisean Nixon",22,"CB","away",29,2020110808,2859,"left",18,7.75
72.29,49.68,7,"None","Keisean Nixon",22,"CB","away",30,2020110808,2859,"left",19,8
72.95,49.99,7.26,"None","Keisean Nixon",22,"CB","away",31,2020110808,2859,"left",20,8.26
73.63,50.28,7.46,"None","Keisean Nixon",22,"CB","away",32,2020110808,2859,"left",21,8.46
74.33,50.56,7.57,"None","Keisean Nixon",22,"CB","away",33,2020110808,2859,"left",22,8.57
75.07,50.83,7.8,"punt","Keisean Nixon",22,"CB","away",34,2020110808,2859,"left",23,8.8
75.85,51.07,8.07,"None","Keisean Nixon",22,"CB","away",35,2020110808,2859,"left",24,9.07
76.65,51.31,8.29,"None","Keisean Nixon",22,"CB","away",36,2020110808,2859,"left",25,9.29
53.49,28.22,0,"ball_snap","A.J. Cole",6,"P","away",11,2020110808,2859,"left",0,1
53.49,28.22,0,"None","A.J. Cole",6,"P","away",12,2020110808,2859,"left",1,1
53.5,28.22,0,"None","A.J. Cole",6,"P","away",13,2020110808,2859,"left",2,1
53.5,28.22,0,"None","A.J. Cole",6,"P","away",14,2020110808,2859,"left",3,1
53.5,28.22,0.01,"None","A.J. Cole",6,"P","away",15,2020110808,2859,"left",4,1.01
53.5,28.22,0.06,"None","A.J. Cole",6,"P","away",16,2020110808,2859,"left",5,1.06
53.52,28.24,0.23,"None","A.J. Cole",6,"P","away",17,2020110808,2859,"left",6,1.23
53.54,28.26,0.38,"None","A.J. Cole",6,"P","away",18,2020110808,2859,"left",7,1.38
53.58,28.3,0.61,"None","A.J. Cole",6,"P","away",19,2020110808,2859,"left",8,1.61
53.64,28.35,0.84,"None","A.J. Cole",6,"P","away",20,2020110808,2859,"left",9,1.84
53.72,28.41,1.06,"None","A.J. Cole",6,"P","away",21,2020110808,2859,"left",10,2.06
53.82,28.48,1.27,"None","A.J. Cole",6,"P","away",22,2020110808,2859,"left",11,2.27
53.95,28.55,1.49,"None","A.J. Cole",6,"P","away",23,2020110808,2859,"left",12,2.49
54.09,28.62,1.68,"None","A.J. Cole",6,"P","away",24,2020110808,2859,"left",13,2.68
54.26,28.69,1.9,"None","A.J. Cole",6,"P","away",25,2020110808,2859,"left",14,2.9
54.45,28.76,2.07,"None","A.J. Cole",6,"P","away",26,2020110808,2859,"left",15,3.07
54.67,28.81,2.31,"None","A.J. Cole",6,"P","away",27,2020110808,2859,"left",16,3.31
54.91,28.85,2.5,"None","A.J. Cole",6,"P","away",28,2020110808,2859,"left",17,3.5
55.16,28.89,2.65,"None","A.J. Cole",6,"P","away",29,2020110808,2859,"left",18,3.65
55.43,28.92,2.77,"None","A.J. Cole",6,"P","away",30,2020110808,2859,"left",19,3.77
55.71,28.94,2.79,"None","A.J. Cole",6,"P","away",31,2020110808,2859,"left",20,3.79
55.99,28.96,2.8,"None","A.J. Cole",6,"P","away",32,2020110808,2859,"left",21,3.8
56.26,28.97,2.74,"None","A.J. Cole",6,"P","away",33,2020110808,2859,"left",22,3.74
56.52,28.98,2.57,"punt","A.J. Cole",6,"P","away",34,2020110808,2859,"left",23,3.57
56.77,28.97,2.43,"None","A.J. Cole",6,"P","away",35,2020110808,2859,"left",24,3.43
56.99,28.97,2.16,"None","A.J. Cole",6,"P","away",36,2020110808,2859,"left",25,3.16
70.13,28.82,0,"ball_snap","Kenneth Murray",56,"OLB","home",11,2020110808,2859,"left",0,1
70.13,28.82,0,"None","Kenneth Murray",56,"OLB","home",12,2020110808,2859,"left",1,1
70.12,28.82,0,"None","Kenneth Murray",56,"OLB","home",13,2020110808,2859,"left",2,1
70.12,28.82,0,"None","Kenneth Murray",56,"OLB","home",14,2020110808,2859,"left",3,1
70.12,28.82,0.01,"None","Kenneth Murray",56,"OLB","home",15,2020110808,2859,"left",4,1.01
70.11,28.82,0.08,"None","Kenneth Murray",56,"OLB","home",16,2020110808,2859,"left",5,1.08
70.1,28.82,0.16,"None","Kenneth Murray",56,"OLB","home",17,2020110808,2859,"left",6,1.16
70.08,28.81,0.29,"None","Kenneth Murray",56,"OLB","home",18,2020110808,2859,"left",7,1.29
70.04,28.8,0.45,"None","Kenneth Murray",56,"OLB","home",19,2020110808,2859,"left",8,1.45
69.98,28.79,0.59,"None","Kenneth Murray",56,"OLB","home",20,2020110808,2859,"left",9,1.59
69.92,28.78,0.71,"None","Kenneth Murray",56,"OLB","home",21,2020110808,2859,"left",10,1.71
69.84,28.77,0.86,"None","Kenneth Murray",56,"OLB","home",22,2020110808,2859,"left",11,1.86
69.74,28.77,1.02,"None","Kenneth Murray",56,"OLB","home",23,2020110808,2859,"left",12,2.02
69.62,28.76,1.2,"None","Kenneth Murray",56,"OLB","home",24,2020110808,2859,"left",13,2.2
69.5,28.75,1.33,"None","Kenneth Murray",56,"OLB","home",25,2020110808,2859,"left",14,2.33
69.36,28.75,1.42,"None","Kenneth Murray",56,"OLB","home",26,2020110808,2859,"left",15,2.42
69.21,28.75,1.5,"None","Kenneth Murray",56,"OLB","home",27,2020110808,2859,"left",16,2.5
69.06,28.75,1.56,"None","Kenneth Murray",56,"OLB","home",28,2020110808,2859,"left",17,2.56
68.9,28.76,1.59,"None","Kenneth Murray",56,"OLB","home",29,2020110808,2859,"left",18,2.59
68.74,28.77,1.59,"None","Kenneth Murray",56,"OLB","home",30,2020110808,2859,"left",19,2.59
68.59,28.79,1.58,"None","Kenneth Murray",56,"OLB","home",31,2020110808,2859,"left",20,2.58
68.44,28.81,1.48,"None","Kenneth Murray",56,"OLB","home",32,2020110808,2859,"left",21,2.48
68.31,28.84,1.3,"None","Kenneth Murray",56,"OLB","home",33,2020110808,2859,"left",22,2.3
68.19,28.86,1.15,"punt","Kenneth Murray",56,"OLB","home",34,2020110808,2859,"left",23,2.15
68.09,28.88,0.98,"None","Kenneth Murray",56,"OLB","home",35,2020110808,2859,"left",24,1.98
68.01,28.9,0.76,"None","Kenneth Murray",56,"OLB","home",36,2020110808,2859,"left",25,1.76
71.51,24.49,0,"ball_snap","Alohi Gilman",32,"SS","home",11,2020110808,2859,"left",0,1
71.51,24.48,0,"None","Alohi Gilman",32,"SS","home",12,2020110808,2859,"left",1,1
71.51,24.48,0,"None","Alohi Gilman",32,"SS","home",13,2020110808,2859,"left",2,1
71.51,24.47,0,"None","Alohi Gilman",32,"SS","home",14,2020110808,2859,"left",3,1
71.51,24.46,0.02,"None","Alohi Gilman",32,"SS","home",15,2020110808,2859,"left",4,1.02
71.51,24.46,0.09,"None","Alohi Gilman",32,"SS","home",16,2020110808,2859,"left",5,1.09
71.51,24.44,0.24,"None","Alohi Gilman",32,"SS","home",17,2020110808,2859,"left",6,1.24
71.51,24.41,0.37,"None","Alohi Gilman",32,"SS","home",18,2020110808,2859,"left",7,1.37
71.51,24.37,0.47,"None","Alohi Gilman",32,"SS","home",19,2020110808,2859,"left",8,1.47
71.5,24.32,0.57,"None","Alohi Gilman",32,"SS","home",20,2020110808,2859,"left",9,1.57
71.5,24.27,0.57,"None","Alohi Gilman",32,"SS","home",21,2020110808,2859,"left",10,1.57
71.5,24.22,0.56,"None","Alohi Gilman",32,"SS","home",22,2020110808,2859,"left",11,1.56
71.5,24.17,0.51,"None","Alohi Gilman",32,"SS","home",23,2020110808,2859,"left",12,1.51
71.5,24.11,0.53,"None","Alohi Gilman",32,"SS","home",24,2020110808,2859,"left",13,1.53
71.51,24.06,0.52,"None","Alohi Gilman",32,"SS","home",25,2020110808,2859,"left",14,1.52
71.53,24.01,0.52,"None","Alohi Gilman",32,"SS","home",26,2020110808,2859,"left",15,1.52
71.55,23.96,0.57,"None","Alohi Gilman",32,"SS","home",27,2020110808,2859,"left",16,1.57
71.59,23.91,0.63,"None","Alohi Gilman",32,"SS","home",28,2020110808,2859,"left",17,1.63
71.63,23.86,0.73,"None","Alohi Gilman",32,"SS","home",29,2020110808,2859,"left",18,1.73
71.69,23.8,0.86,"None","Alohi Gilman",32,"SS","home",30,2020110808,2859,"left",19,1.86
71.76,23.73,0.95,"None","Alohi Gilman",32,"SS","home",31,2020110808,2859,"left",20,1.95
71.83,23.66,1.06,"None","Alohi Gilman",32,"SS","home",32,2020110808,2859,"left",21,2.06
71.91,23.59,1.14,"None","Alohi Gilman",32,"SS","home",33,2020110808,2859,"left",22,2.14
72,23.5,1.21,"punt","Alohi Gilman",32,"SS","home",34,2020110808,2859,"left",23,2.21
72.09,23.42,1.28,"None","Alohi Gilman",32,"SS","home",35,2020110808,2859,"left",24,2.28
72.19,23.33,1.34,"None","Alohi Gilman",32,"SS","home",36,2020110808,2859,"left",25,2.34
100.26,27.84,0,"ball_snap","K.J. Hill",84,"WR","home",11,2020110808,2859,"left",0,1
100.25,27.84,0,"None","K.J. Hill",84,"WR","home",12,2020110808,2859,"left",1,1
100.25,27.84,0,"None","K.J. Hill",84,"WR","home",13,2020110808,2859,"left",2,1
100.25,27.84,0,"None","K.J. Hill",84,"WR","home",14,2020110808,2859,"left",3,1
100.25,27.84,0,"None","K.J. Hill",84,"WR","home",15,2020110808,2859,"left",4,1
100.25,27.84,0.06,"None","K.J. Hill",84,"WR","home",16,2020110808,2859,"left",5,1.06
100.24,27.84,0.12,"None","K.J. Hill",84,"WR","home",17,2020110808,2859,"left",6,1.12
100.22,27.85,0.2,"None","K.J. Hill",84,"WR","home",18,2020110808,2859,"left",7,1.2
100.2,27.85,0.26,"None","K.J. Hill",84,"WR","home",19,2020110808,2859,"left",8,1.26
100.18,27.85,0.25,"None","K.J. Hill",84,"WR","home",20,2020110808,2859,"left",9,1.25
100.16,27.85,0.24,"None","K.J. Hill",84,"WR","home",21,2020110808,2859,"left",10,1.24
100.14,27.87,0.21,"None","K.J. Hill",84,"WR","home",22,2020110808,2859,"left",11,1.21
100.13,27.87,0.16,"None","K.J. Hill",84,"WR","home",23,2020110808,2859,"left",12,1.16
100.13,27.87,0.05,"None","K.J. Hill",84,"WR","home",24,2020110808,2859,"left",13,1.05
100.12,27.88,0.1,"None","K.J. Hill",84,"WR","home",25,2020110808,2859,"left",14,1.1
100.12,27.89,0.1,"None","K.J. Hill",84,"WR","home",26,2020110808,2859,"left",15,1.1
100.12,27.9,0.1,"None","K.J. Hill",84,"WR","home",27,2020110808,2859,"left",16,1.1
100.12,27.9,0.12,"None","K.J. Hill",84,"WR","home",28,2020110808,2859,"left",17,1.12
100.12,27.92,0.24,"None","K.J. Hill",84,"WR","home",29,2020110808,2859,"left",18,1.24
100.12,27.95,0.38,"None","K.J. Hill",84,"WR","home",30,2020110808,2859,"left",19,1.38
100.12,28,0.5,"None","K.J. Hill",84,"WR","home",31,2020110808,2859,"left",20,1.5
100.13,28.06,0.68,"None","K.J. Hill",84,"WR","home",32,2020110808,2859,"left",21,1.68
100.13,28.13,0.8,"None","K.J. Hill",84,"WR","home",33,2020110808,2859,"left",22,1.8
100.13,28.21,0.82,"punt","K.J. Hill",84,"WR","home",34,2020110808,2859,"left",23,1.82
100.14,28.3,0.96,"None","K.J. Hill",84,"WR","home",35,2020110808,2859,"left",24,1.96
100.15,28.42,1.22,"None","K.J. Hill",84,"WR","home",36,2020110808,2859,"left",25,2.22
68.22,28.04,0,"ball_snap","football",NA,NA,"football",11,2020110808,2859,"left",0,1
68.22,28.04,0,"None","football",NA,NA,"football",12,2020110808,2859,"left",1,1
68.22,28.04,0,"None","football",NA,NA,"football",13,2020110808,2859,"left",2,1
66.63,28.09,16.44,"None","football",NA,NA,"football",14,2020110808,2859,"left",3,17.44
64.98,28.12,16.35,"None","football",NA,NA,"football",15,2020110808,2859,"left",4,17.35
63.36,28.14,16.2,"None","football",NA,NA,"football",16,2020110808,2859,"left",5,17.2
61.75,28.17,16,"None","football",NA,NA,"football",17,2020110808,2859,"left",6,17
60.16,28.2,15.73,"None","football",NA,NA,"football",18,2020110808,2859,"left",7,16.73
58.6,28.23,15.42,"None","football",NA,NA,"football",19,2020110808,2859,"left",8,16.42
57.08,28.26,15.06,"None","football",NA,NA,"football",20,2020110808,2859,"left",9,16.06
55.89,28.26,14.77,"None","football",NA,NA,"football",21,2020110808,2859,"left",10,15.77
54.46,28.73,2.6,"None","football",NA,NA,"football",22,2020110808,2859,"left",11,3.6
54.72,28.76,2.44,"None","football",NA,NA,"football",23,2020110808,2859,"left",12,3.44
54.96,28.78,2.3,"None","football",NA,NA,"football",24,2020110808,2859,"left",13,3.3
55.17,28.81,2.14,"None","football",NA,NA,"football",25,2020110808,2859,"left",14,3.14
55.42,28.85,2.42,"None","football",NA,NA,"football",26,2020110808,2859,"left",15,3.42
55.69,28.87,2.59,"None","football",NA,NA,"football",27,2020110808,2859,"left",16,3.59
55.97,28.89,2.74,"None","football",NA,NA,"football",28,2020110808,2859,"left",17,3.74
56.26,28.91,2.83,"None","football",NA,NA,"football",29,2020110808,2859,"left",18,3.83
56.55,28.92,2.84,"None","football",NA,NA,"football",30,2020110808,2859,"left",19,3.84
56.84,28.93,2.79,"None","football",NA,NA,"football",31,2020110808,2859,"left",20,3.79
57.11,28.94,2.72,"None","football",NA,NA,"football",32,2020110808,2859,"left",21,3.72
57.38,28.94,2.64,"None","football",NA,NA,"football",33,2020110808,2859,"left",22,3.64
57.64,28.94,2.55,"punt","football",NA,NA,"football",34,2020110808,2859,"left",23,3.55
57.9,28.92,2.5,"None","football",NA,NA,"football",35,2020110808,2859,"left",24,3.5
59.16,29.11,14.2,"None","football",NA,NA,"football",36,2020110808,2859,"left",25,15.2
